"","trenchunit","zone","liters","total_flot","adonis_sp","alkanna_sp","anchusa_sp","astragalus_frigonella_sp","avena_sp","boraginaceae_sp","calendula_sp","capparis_sp","celtis_sp_tournifortii","cf_colchicum_polygonatum","coriandrum_sp","cruciferae_sp_seeds_capsules","culm_nodes_indet_frags","echium_sp","erodium_sp","fumaria_sp","gallium_sp","glume_base_indet","gramineae_indet","hordeum_vulgare_ssp","indet_frag","l_officinale","lathyrus","leguminosae","lens_sp","liliaceae_sp","lithospermum_arvense","malva_parviflora","medicago_sp","cf_medicago_frag","monocotylidonae_capsules","phalaris_sp","pistacia_cf_lentiscus","pisum_cf_elatius","pisum_vicia_pisum_of_all_sizes","polygonum_sp","prunus_amygdalus","pyrus_amygdaloformis","rachis_frag_indet","schoenus_nigricans","seed_indet","sp_no_1","spikelet_fork_indet_frags","teucrium_sp","triticum_sp","t_cf_aestivum_durum","triticum_turgidum_ssp_dicoccum","triticum_monococcum","uthospennum_dlicinale","vicia_ervilia","vicia_lathyrus_sp","vitis_vinifera_ssp_sylvestris"
"1","FAN_120","VII",266,92.6,0,2,0,0,0,0,0,0,0,0,0,0,0,0,0,0,0,1,0,38,0,0,0,1,2,0,3,0,0,0,0,0,0,0,0,0,3,0,0,0,0,0,0,0,4,0,4,1,0,0,0,0
"2","FAN_121","VII",266,129.7,0,0,0,0,0,0,0,0,0,0,0,1,0,0,0,0,0,0,4,18,0,0,0,2,3,0,6,0,0,0,0,0,4,0,0,0,3,0,0,0,1,0,1,0,12,0,16,2,0,0,0,0
"3","FAN_122","VII",299,149.9,0,2,0,0,0,0,0,0,0,0,0,1,0,0,0,0,0,7,5,36,0,0,1,0,1,0,19,0,0,0,0,0,0,0,0,0,7,0,1,0,0,0,6,0,90,0,70,24,0,0,0,0
"4","FAN_123","VII",202,180.4,0,0,0,0,0,0,0,0,0,0,0,0,0,0,0,0,0,0,0,12,1,0,1,1,0,0,3,0,0,0,0,0,0,0,0,0,13,0,0,0,0,0,3,0,5,0,7,0,0,0,1,0
"5","FAN_124","VII",29,255.6,0,0,0,0,0,0,0,0,0,0,0,0,0,0,0,0,0,0,0,0,1,0,0,0,1,0,3,0,0,0,0,0,0,0,0,0,10,0,0,0,0,0,0,0,5,0,5,0,0,0,0,0
"6","FAN_125","VII",79,44.3,0,1,0,0,0,0,0,0,0,0,0,0,0,0,0,0,0,0,0,0,0,0,0,0,0,0,1,0,0,0,0,0,0,0,0,0,6,0,0,0,0,0,2,0,5,0,5,0,0,0,0,0
"7","FAN_126","VII",29,83.5,0,0,0,0,0,0,0,0,0,0,0,0,0,0,0,0,0,0,5,14,0,0,1,0,0,0,6,0,0,0,0,0,0,0,0,0,11,0,0,0,0,0,0,0,3,0,3,0,0,0,0,0
"8","FAN_127","VII",277,1177.6,0,0,0,0,0,0,0,0,0,0,0,0,0,0,0,0,0,0,7,6,1,0,1,7,2,0,4,0,0,0,0,0,0,0,0,0,10,0,0,0,0,0,0,0,15,0,16,0,0,0,2,0
"9","FAN_128","VII",63,107.1,0,0,0,0,0,0,0,0,0,0,0,5,0,0,0,0,0,2,0,4,0,0,0,1,0,0,3,0,3,0,0,0,5,0,0,0,12,0,0,0,0,0,4,0,14,0,14,0,0,0,1,0
"10","FAN_129","VII",266,795.2,0,1,0,0,0,0,0,0,0,0,0,10,0,0,0,0,0,2,0,23,0,0,1,4,11,0,5,0,8,0,0,0,1,0,0,0,14,1,0,0,0,0,4,1,36,0,34,3,0,0,5,0
"11","FAN_130","VII",80,67,0,0,0,0,0,0,0,0,0,0,0,3,0,0,0,0,0,0,0,4,0,0,0,0,0,0,2,0,4,0,0,0,0,0,0,0,3,0,0,0,0,2,2,1,1,0,1,0,0,0,0,0
"12","FAN_131","VIIb",465,227.3,0,0,0,0,0,0,0,0,0,0,0,4,3,0,0,0,0,0,0,25,0,0,4,14,2,0,11,0,13,0,0,0,5,0,0,0,18,0,0,0,0,0,0,0,11,0,15,2,0,0,0,0
"13","FAN_132","VIIb",168,185.5,0,2,0,0,0,0,0,0,0,0,0,3,1,0,0,1,0,0,0,57,0,0,0,1,2,0,13,0,13,0,0,0,0,0,0,0,7,0,0,0,0,0,0,0,4,0,3,1,0,0,0,0
"14","FAN_133","VIIb",14,77.3,0,0,0,0,0,0,0,0,0,0,0,1,1,0,0,0,0,0,0,6,0,0,0,2,2,0,1,0,0,0,0,0,2,0,1,0,7,0,0,0,0,0,0,0,2,0,2,0,0,0,1,0
"15","FAN_134","VIIb",64,227.5,0,0,0,0,0,0,0,0,0,0,0,1,1,0,0,0,0,0,0,7,0,0,0,0,0,0,6,0,6,0,0,0,1,0,0,0,7,0,0,1,0,0,0,0,0,0,0,0,0,0,0,0
"16","FAN_135","VIIb",44,33.8,0,0,0,0,0,0,0,0,0,0,0,0,0,0,0,0,0,0,0,0,0,0,0,0,0,0,0,0,0,0,0,0,0,0,0,0,1,0,0,0,0,0,0,0,0,0,0,0,0,0,1,0
"17","FAN_136","VIIb",199,320.1,0,0,0,0,0,0,0,0,0,0,0,0,0,0,0,0,0,0,0,4,0,0,0,0,0,0,2,0,3,0,0,0,0,0,1,0,9,0,0,0,0,0,0,0,0,0,0,0,0,0,1,0
"18","FAN_137","VIIb",166,103.9,1,2,0,0,0,0,0,0,0,0,0,5,0,4,0,0,0,0,0,10,0,0,0,1,1,0,3,0,9,0,0,0,6,0,0,0,6,0,0,0,0,0,0,0,2,0,2,0,0,0,1,0
"19","FAN_138","VIIa",29,10,0,0,0,0,0,0,0,0,0,0,0,0,0,0,0,0,0,0,1,0,0,0,0,0,0,0,0,0,0,0,0,0,1,0,0,0,0,0,0,0,0,0,0,0,0,0,0,0,0,0,0,0
"20","FAN_139","VIIa",58,5.1,0,0,0,0,0,0,0,0,0,0,0,0,0,0,0,1,3,0,0,6,0,0,0,0,3,0,1,0,0,0,0,0,0,0,0,0,0,0,0,0,0,0,0,0,1,0,1,0,0,0,0,0
"21","FAN_140","VIIa",73,10.1,0,0,0,0,0,0,0,0,0,0,0,0,0,1,0,0,0,0,0,4,0,0,0,1,1,0,1,0,0,0,0,0,0,0,0,0,0,0,0,0,0,0,0,0,0,0,0,0,0,0,0,0
"22","FAN_141","VIIa",55,5,0,0,0,0,0,0,0,0,0,0,0,0,0,0,0,0,0,0,0,0,0,0,0,0,0,0,3,0,0,0,0,0,1,0,0,0,0,0,0,0,0,0,0,0,1,0,1,0,0,0,0,0
"23","FAN_142","VIIa",88,22.4,0,1,0,0,0,0,0,0,0,0,0,0,0,0,0,0,0,0,0,8,0,0,0,0,6,0,0,0,0,0,0,0,0,0,0,0,0,0,0,0,0,0,0,0,1,0,1,0,0,0,0,0
"24","FAN_143","VIIa",182,8.5,0,1,0,0,0,0,0,0,0,0,0,0,0,0,0,0,0,0,0,4,0,0,0,0,1,0,1,0,0,0,0,0,0,0,0,0,0,0,0,0,0,0,0,0,0,0,0,0,0,0,0,0
"25","FAN_144","VIIa",199,5.2,0,0,0,0,0,0,0,0,0,0,1,0,0,0,0,0,0,0,0,18,0,0,0,0,5,0,0,0,0,0,0,0,0,0,0,0,0,0,0,0,0,0,0,0,1,0,1,0,0,0,0,0
"26","FAN_145","VIIa",75,5,0,0,0,0,0,0,0,0,0,0,0,0,0,0,0,0,0,0,0,1,0,0,0,0,0,0,0,0,0,0,0,0,0,0,0,0,0,0,0,0,0,0,0,0,1,0,1,0,0,0,0,0
"27","FAN_146","VIIa",398,15.5,0,0,0,0,0,0,0,0,0,0,0,0,0,0,0,1,0,0,0,36,0,0,0,3,37,0,5,0,0,0,0,0,0,0,0,0,0,0,0,0,0,0,1,0,3,0,3,0,0,1,0,0
"28","FAN_147","VIIa",31,5,0,0,0,0,0,0,0,0,0,0,0,0,0,0,0,0,0,0,0,2,0,0,0,0,0,0,1,0,0,0,0,0,0,0,0,0,0,0,0,0,0,0,0,0,0,0,0,0,0,0,0,0
"29","FAN_148","VIIa",110,3.9,0,0,0,0,0,0,0,0,0,0,0,0,0,0,0,0,0,0,0,6,0,0,0,0,17,0,0,0,0,0,0,0,2,0,0,0,0,0,0,0,0,0,0,0,1,0,1,0,0,0,0,0
"30","FAN_149",NA,25,0,0,0,0,0,0,0,0,0,0,0,0,0,0,0,0,0,0,0,0,0,0,0,0,0,0,0,0,0,0,0,0,0,0,0,0,0,0,0,0,0,0,0,0,0,0,0,0,0,0,0,0,0
"31","FAN_150","VI",249,1.1,0,0,0,0,1,0,0,0,0,0,0,0,0,0,0,0,0,0,0,0,0,0,0,0,0,0,0,0,0,0,0,0,0,0,0,0,0,0,0,0,0,0,0,0,1,0,1,0,0,0,0,0
"32","FAN_151","VI",199,8.8,0,0,0,0,0,0,0,0,0,0,0,0,0,0,0,0,0,0,0,0,0,0,0,0,0,0,0,0,0,0,0,0,0,0,0,0,1,0,0,0,0,0,0,0,1,0,1,0,0,0,0,0
"33","FAN_152",NA,NA,NA,0,0,0,0,0,0,0,0,0,0,0,0,0,0,0,0,0,0,0,0,0,0,0,0,0,0,0,0,0,0,0,0,0,0,0,0,0,0,0,0,0,0,0,0,0,0,0,0,0,0,0,0
"34","FAN_153",NA,76,0.1,0,0,0,0,0,0,0,0,0,0,0,0,0,0,0,0,0,0,0,0,0,0,0,0,0,0,0,0,0,0,0,0,0,0,0,0,0,0,0,0,0,0,0,0,0,0,0,0,0,0,0,0
"35","FAN_154","VI",85,5,0,1,0,0,0,0,0,0,0,0,0,0,0,0,0,0,0,0,0,0,0,0,0,0,0,0,0,0,0,0,0,0,0,0,0,0,0,0,0,0,0,0,0,0,0,0,0,0,0,0,0,0
"36","FAN_155","VI",12,0.3,0,0,0,0,0,0,0,0,0,0,0,0,0,0,0,0,0,0,0,0,0,0,0,1,0,0,0,0,0,0,0,0,0,0,0,0,0,0,0,0,0,0,0,0,0,0,0,0,0,0,0,0
"37","FAN_156","VI",93,1.7,0,0,0,0,0,0,0,0,0,0,0,0,0,0,0,0,0,0,0,0,0,0,0,0,0,0,0,0,0,0,0,0,0,0,0,0,0,0,0,0,0,0,0,0,1,0,1,0,0,0,0,0
"38","FAN_157",NA,43,0.5,0,0,0,0,0,0,0,0,0,0,0,0,0,0,0,0,0,0,0,0,0,0,0,0,0,0,0,0,0,0,0,0,0,0,0,0,0,0,0,0,0,0,0,0,0,0,0,0,0,0,0,0
"39","FAN_158",NA,96,1.5,0,0,0,0,0,0,0,0,0,0,0,0,0,0,0,0,0,0,0,0,0,0,0,0,0,0,0,0,0,0,0,0,0,0,0,0,0,0,0,0,0,0,0,0,0,0,0,0,0,0,0,0
"40","FAN_159","V/VI",32,1.6,0,0,0,0,0,0,0,0,0,0,0,0,0,0,0,0,0,0,1,0,0,0,0,0,0,0,1,0,0,0,0,0,0,0,0,0,0,0,0,0,0,0,0,0,0,0,0,0,0,0,0,0
"41","FAN_160","V/VI",70,3.9,0,0,0,0,0,0,0,0,0,0,0,0,0,0,0,0,0,0,0,0,0,0,0,0,0,0,0,0,0,0,0,0,0,0,0,0,2,0,0,0,0,0,0,0,0,0,0,0,0,0,0,0
"42","FAN_161","V/VI",131,11.3,0,1,0,0,4,0,0,0,0,0,0,0,1,0,0,0,0,0,0,2,0,0,0,0,0,0,0,0,0,0,0,0,0,0,0,0,1,1,0,0,0,0,0,0,3,0,3,0,0,0,0,0
"43","FAN_162","V/VI",66,5.7,0,0,0,0,0,0,0,0,0,0,0,0,0,0,0,0,0,0,0,0,0,0,0,0,0,0,0,0,0,0,0,0,0,0,0,0,7,0,0,0,0,0,0,0,6,0,6,0,0,0,0,0
"44","FAN_163","V/VI",299,14.9,0,0,0,0,1,0,0,0,0,0,1,0,0,0,0,0,0,0,0,1,0,0,1,1,0,0,0,0,0,0,0,0,0,0,0,0,1,0,0,0,0,0,0,0,3,0,4,0,0,0,0,0
"45","FAN_164","V/VI",176,17.7,0,3,0,0,0,0,0,0,0,0,0,0,0,0,0,0,0,0,1,0,0,0,0,0,0,0,0,0,0,0,0,0,1,0,0,0,2,0,0,0,0,0,0,0,0,0,0,0,0,0,0,0
"46","FAN_165","V/VI",132,8.2,0,0,0,0,2,0,0,0,0,0,0,0,1,0,0,0,0,0,0,0,0,0,0,0,0,0,0,0,0,0,0,0,0,0,0,0,8,0,0,0,0,0,0,0,0,0,0,0,0,0,0,0
"47","FAN_166","V/VI",62,10,0,0,0,0,3,0,0,0,0,0,0,0,0,0,0,0,0,0,0,0,0,0,0,0,0,0,0,0,0,0,0,0,0,0,0,0,1,0,0,0,0,0,0,0,0,0,0,0,0,0,0,0
"48","FAN_167","V/VI",132,6.7,0,0,0,0,2,0,0,0,0,0,0,0,0,0,0,0,0,0,0,0,0,0,0,0,0,0,0,1,0,0,0,0,0,0,0,0,0,0,0,0,0,0,0,0,0,0,0,0,0,0,0,0
"49","FAN_168",NA,NA,NA,0,0,0,0,0,0,0,0,0,0,0,0,0,0,0,0,0,0,0,0,0,0,0,0,0,0,0,0,0,0,0,0,0,0,0,0,0,0,0,0,0,0,0,0,0,0,0,0,0,0,0,0
"50","FAN_169","V/VI",62,10.2,0,1,0,0,2,0,0,0,0,0,0,0,0,0,0,0,0,0,0,4,0,0,2,0,0,0,0,0,0,0,0,0,4,0,0,0,0,1,0,0,0,0,0,0,1,0,1,0,0,0,0,0
"51","FAN_170","V",284,23.5,0,0,0,0,0,0,0,0,0,0,0,0,0,0,0,0,0,0,0,0,0,0,0,0,0,0,0,0,0,0,0,0,0,0,1,0,1,0,0,0,0,0,0,0,0,0,0,0,0,0,0,0
"52","FAN_171",NA,22,1.6,0,0,0,0,0,0,0,0,0,0,0,0,0,0,0,0,0,0,0,0,0,0,0,0,0,0,0,0,0,0,0,0,0,0,0,0,0,0,0,0,0,0,0,0,0,0,0,0,0,0,0,0
"53","FAN_172","V",423,26.4,0,2,0,0,0,0,0,0,0,0,0,0,0,0,0,0,0,0,0,0,0,0,0,1,0,0,0,0,0,0,0,0,1,0,0,0,0,0,0,0,0,0,0,0,0,0,0,0,0,0,1,0
"54","FAN_173","V",107,60.7,0,1,0,0,1,0,0,0,0,0,0,0,0,0,0,0,0,0,0,4,0,0,2,2,0,0,0,0,0,0,0,0,8,0,0,0,3,0,0,0,0,0,0,0,0,0,0,0,0,0,1,0
"55","FAN_174","V",42,20.7,0,0,0,0,0,0,0,0,0,0,0,0,0,0,0,0,0,0,0,0,0,0,0,0,3,1,0,0,0,0,0,0,4,0,0,0,1,2,0,0,0,0,0,0,0,0,0,0,0,0,1,0
"56","FAN_175","V",137,40.6,0,1,0,0,0,0,0,0,0,0,0,0,0,0,0,0,0,0,0,0,0,0,0,0,5,1,0,0,0,0,0,0,3,0,0,0,2,2,0,0,0,0,0,0,0,0,0,0,0,0,0,0
"57","FAN_176","V",210,128.7,0,0,0,0,1,0,0,0,0,0,0,0,0,0,0,0,0,0,0,2,0,0,0,0,0,0,0,0,0,0,0,0,10,0,0,0,5,0,0,0,0,0,0,0,0,0,0,0,0,0,0,0
"58","FAN_177",NA,NA,NA,0,0,0,0,0,0,0,0,0,0,0,0,0,0,0,0,0,0,0,0,0,0,0,0,0,0,0,0,0,0,0,0,0,0,0,0,0,0,0,0,0,0,0,0,0,0,0,0,0,0,0,0
"59","FAN_178","V",11,5.4,0,0,0,0,0,0,0,0,0,0,0,0,0,0,0,0,0,0,0,0,0,0,0,1,0,0,0,0,0,0,0,0,0,0,0,0,3,0,0,0,0,0,0,0,0,0,0,0,0,0,0,0
"60","FAN_179","V",88,167,0,6,0,0,0,0,0,0,0,0,0,0,0,0,0,0,0,0,0,0,0,0,2,0,4,1,1,0,0,0,0,0,5,0,0,0,3,0,0,0,0,0,0,0,0,0,0,0,0,1,0,0
"61","FAN_180","V",82,47.4,0,0,0,0,0,0,0,0,0,0,0,0,0,0,0,0,0,0,0,0,0,0,0,0,1,0,0,0,0,0,0,0,1,0,0,0,1,0,0,0,0,0,0,0,0,0,0,0,0,0,0,0
"62","FAN_181","V",28,17.4,0,0,0,0,0,0,0,0,0,0,0,0,0,0,0,0,0,0,0,0,0,0,0,0,0,1,0,0,0,0,0,0,0,0,0,0,2,0,0,0,0,0,0,0,0,0,0,0,0,0,0,0
"63","FAN_182",NA,NA,NA,0,0,0,0,0,0,0,0,0,0,0,0,0,0,0,0,0,0,0,0,0,0,0,0,0,0,0,0,0,0,0,0,0,0,0,0,0,0,0,0,0,0,0,0,0,0,0,0,0,0,0,0
"64","FAN_183","V",24,39.9,0,0,0,0,0,0,0,0,0,0,0,0,0,0,0,0,0,0,0,0,0,0,0,0,0,0,0,0,0,0,0,0,5,0,1,0,3,0,0,0,0,0,0,0,0,0,0,0,0,1,0,0
"65","FAN_184","V",32,0.1,0,0,0,0,0,0,0,0,0,0,0,0,0,0,0,0,0,0,0,0,0,0,0,0,0,0,0,0,0,0,0,0,0,0,0,0,1,0,0,0,0,0,0,0,0,0,0,0,0,0,0,0
"66","FAN_185",NA,NA,NA,0,0,0,0,0,0,0,0,0,0,0,0,0,0,0,0,0,0,0,0,0,0,0,0,0,0,0,0,0,0,0,0,0,0,0,0,0,0,0,0,0,0,0,0,0,0,0,0,0,0,0,0
"67","FAN_186","V",196,59.3,0,1,0,0,0,0,0,0,0,0,0,0,0,0,0,0,0,0,0,0,0,0,0,0,0,0,0,0,0,0,0,0,1,0,0,0,1,0,0,0,0,0,0,0,0,0,0,0,0,0,0,0
"68","FAN_187","IV/V",274,138.6,0,0,0,0,0,0,0,0,0,0,0,1,0,0,0,0,0,0,0,0,0,0,0,0,1,1,3,0,0,0,0,0,4,0,0,0,3,0,0,0,0,0,0,0,0,0,0,0,0,0,0,0
"69","FAN_188","IV/V",72,19.6,0,0,0,0,0,0,0,0,0,0,0,0,0,0,0,0,0,0,0,0,0,0,0,0,0,0,7,0,0,0,0,0,1,0,0,0,12,0,0,0,0,0,0,0,0,0,0,0,0,0,0,0
"70","FAN_189","IV/V",83,76.5,0,0,0,0,0,0,0,0,0,0,0,0,0,0,0,0,0,0,0,0,0,0,1,2,2,0,2,0,0,0,1,0,12,0,0,0,10,0,0,0,0,0,0,0,0,0,0,0,0,0,0,0
"71","FAN_190","IV/V",20,31.2,0,0,0,0,0,0,0,0,0,0,0,0,0,0,0,0,0,0,0,0,0,0,0,0,0,0,0,0,0,0,0,0,0,0,0,0,3,0,0,0,0,0,0,0,0,0,0,0,0,0,0,0
"72","FAN_191","IV/V",118,90.7,0,1,0,0,0,0,0,0,0,0,0,0,0,0,0,0,0,0,0,0,0,0,0,0,0,0,2,0,0,0,0,0,1,0,0,0,2,0,0,0,0,0,0,0,0,0,0,0,0,0,0,0
"73","FAN_192",NA,NA,NA,0,0,0,0,0,0,0,0,0,0,0,0,0,0,0,0,0,0,0,0,0,0,0,0,0,0,0,0,0,0,0,0,0,0,0,0,0,0,0,0,0,0,0,0,0,0,0,0,0,0,0,0
"74","FAN_193","IV/V",42,3.8,0,0,0,0,0,0,0,0,0,0,0,0,0,0,0,0,0,0,0,0,0,0,0,0,0,0,0,0,0,0,0,0,0,0,0,0,1,0,0,0,0,0,0,0,0,0,0,0,0,0,0,0
"75","FAN_194","IV",34,47.3,0,0,0,0,3,0,0,0,0,0,0,1,0,0,0,0,0,0,0,0,0,0,0,0,5,1,38,0,1,0,0,0,21,0,0,0,13,0,0,0,0,0,0,0,0,0,0,0,0,0,2,0
"76","FAN_195","IV",32,67.1,0,0,0,0,0,0,0,0,0,0,0,0,0,0,0,0,0,0,0,0,0,0,0,0,4,0,80,0,1,0,0,0,7,0,0,0,3,0,0,0,0,0,0,0,0,0,0,0,0,0,0,0
"77","FAN_196","V",173,131.2,0,2,0,0,8,0,0,0,0,0,0,0,0,0,0,0,0,0,0,2,0,0,0,2,13,1,107,1,1,0,0,0,38,0,0,0,36,4,0,0,0,0,0,0,0,0,0,0,0,0,0,0
"78","FAN_197","III",5,3.9,0,0,0,0,0,0,0,0,0,0,0,0,0,0,0,0,0,0,0,0,0,0,0,0,0,0,0,0,0,0,0,0,0,0,0,0,2,0,0,0,0,0,0,0,0,0,0,0,0,0,0,0
"79","FAN_198","III",211,198.6,2,3,0,0,134,0,0,1,0,5,0,5,0,0,1,1,0,0,1,7,0,0,1,5,115,18,7,0,0,0,0,1,140,1,2,0,123,10,0,0,0,0,0,0,0,0,0,0,0,0,7,0
"80","FAN_199","III",76,5.6,0,0,0,0,9,0,0,0,0,0,0,1,0,0,0,0,0,0,0,0,0,0,0,0,5,1,0,0,0,0,0,0,9,0,0,0,2,0,0,0,0,0,0,0,0,0,0,0,0,0,0,0
"81","FAN_200","III",164,47.4,0,0,0,0,41,0,0,0,0,2,0,1,0,0,0,0,0,0,0,5,0,0,0,3,42,7,0,0,0,0,0,0,40,0,0,0,29,4,0,0,0,0,0,0,0,0,0,0,0,0,0,0
"82","FAN_201","III",84,85.9,0,0,0,0,74,0,0,5,0,17,0,3,0,0,0,0,0,0,0,2,0,0,0,0,71,17,0,0,0,0,0,0,201,0,1,0,87,14,0,0,0,0,0,0,0,0,0,0,0,0,2,0
"83","FAN_202","III",93,32.8,0,1,0,0,48,0,0,4,0,1,0,2,0,0,0,0,0,0,0,4,0,0,0,3,40,2,0,0,2,0,2,2,99,0,1,0,17,2,0,0,0,0,0,0,0,0,0,0,0,0,0,0
"84","FAN_203","III",52,28.3,1,1,0,0,39,0,0,0,0,2,0,2,0,0,0,1,0,0,0,0,0,0,1,0,25,2,0,0,1,0,0,0,56,0,1,0,20,6,0,0,0,0,0,0,0,0,0,0,0,0,5,0
"85","FAN_204","III",36,17.8,0,0,0,0,21,0,0,0,0,0,0,0,0,0,0,1,0,0,0,0,0,0,0,1,0,0,0,0,2,0,0,0,14,0,0,0,13,4,0,0,0,0,0,0,0,0,0,0,0,0,0,0
"86","FAN_205","III",85,26,1,0,0,0,17,0,0,0,0,2,0,2,0,0,0,0,0,0,0,2,0,0,0,4,11,3,0,0,0,0,0,0,31,0,0,0,12,0,0,0,0,0,0,0,0,0,0,0,0,0,0,0
"87","FAN_206","III",21,23.8,0,0,0,0,25,0,0,2,0,1,0,0,0,0,0,1,0,0,0,0,0,0,0,4,9,4,0,0,1,0,0,0,41,0,0,0,39,1,0,0,0,0,0,0,0,0,0,0,0,0,0,0
"88","FAN_207","III",122,53.6,0,1,0,0,160,0,0,1,0,8,0,5,0,0,0,2,0,0,0,3,0,0,0,11,72,25,2,0,1,0,0,3,284,1,5,0,67,9,0,0,0,0,0,0,0,0,0,0,0,0,0,0
"89","FAN_208","III",69,82.6,0,0,0,0,131,0,0,1,0,2,0,0,0,0,0,2,0,0,0,9,0,0,2,5,75,4,1,1,0,0,0,0,100,1,3,0,43,3,0,0,0,0,0,0,0,0,0,0,0,0,3,0
"90","FAN_209",NA,NA,NA,0,0,0,0,0,0,0,0,0,0,0,0,0,0,0,0,0,0,0,0,0,0,0,0,0,0,0,0,0,0,0,0,0,0,0,0,0,0,0,0,0,0,0,0,0,0,0,0,0,0,0,0
"91","FAN_210","III",18,30,1,0,0,0,43,0,0,0,0,2,0,0,0,0,0,0,0,0,0,4,0,0,1,8,18,7,6,0,2,0,0,0,72,0,2,0,28,1,0,0,0,0,0,0,0,0,0,0,0,0,1,0
"92","FAN_211","III",564,381.3,0,0,0,0,87,0,0,0,0,0,0,2,0,0,0,0,1,0,0,8,0,0,0,2,29,3,0,0,0,0,0,0,239,0,0,0,253,14,0,0,0,0,0,0,0,0,0,0,0,0,0,0
"93","FAN_212","III",564,288.3,4,0,0,0,163,0,0,11,0,6,0,7,0,0,0,1,0,0,0,14,0,0,0,3,66,35,2,0,0,0,0,0,373,0,0,0,77,33,0,0,0,0,0,0,0,0,0,0,0,0,0,0
"94","FAN_213","III",46,27.5,1,0,0,0,12,0,0,2,0,1,0,2,0,0,0,3,0,0,0,2,0,0,0,0,4,0,1,0,0,0,0,0,71,0,0,0,17,17,0,0,0,0,0,0,0,0,0,0,0,0,0,0
"95","FAN_214","III",11,12.2,0,0,0,0,1,0,0,2,0,0,0,0,0,0,0,0,0,0,0,0,0,0,0,0,0,0,0,0,0,0,0,1,3,0,0,0,6,1,0,0,0,0,0,0,0,0,0,0,0,0,0,0
"96","FAN_215","III",146,152,2,0,0,0,91,0,0,8,0,0,0,5,0,0,0,0,0,0,0,6,0,0,0,3,27,1,5,0,0,0,0,0,186,0,1,0,48,27,0,0,0,0,0,0,0,0,0,0,0,0,4,0
"97","FAN_216","III",55,101.4,1,1,0,0,26,0,0,4,0,0,0,2,0,0,0,1,0,0,0,0,0,0,0,1,8,1,23,0,0,0,0,0,115,0,0,0,59,14,0,0,0,0,0,0,0,0,0,0,0,0,0,0
"98","FAN_217","III",62,28.7,0,0,0,0,15,0,0,0,0,0,0,0,0,0,0,0,0,0,0,0,0,0,0,0,2,0,21,0,0,0,0,0,69,0,0,0,9,3,0,0,0,0,0,0,0,0,0,0,0,0,0,0
"99","FAN_218","III",176,121.6,0,0,0,0,0,0,0,0,0,0,0,0,0,0,0,0,0,0,0,0,0,0,0,0,0,0,0,0,0,0,0,0,0,0,0,0,165,0,0,0,0,0,0,0,0,0,0,0,0,0,0,0
"100","FAN_219","III",247,274.9,2,3,0,0,0,0,0,7,0,3,0,2,0,0,0,6,0,0,0,4,0,0,1,7,13,6,3,1,0,0,0,0,527,0,0,0,209,10,0,0,0,0,0,0,0,0,0,0,0,0,3,0
"101","FAN_220","III",19,13.6,1,0,0,0,21,0,0,0,0,1,0,1,0,0,0,0,0,0,0,0,0,0,0,1,4,1,0,0,1,0,0,0,57,0,0,0,8,2,0,0,0,0,0,0,0,0,0,0,0,0,0,0
"102","FAN_221","III",317,192.1,4,0,0,0,145,0,0,15,0,1,0,3,0,0,1,7,0,0,0,4,0,0,1,17,19,18,0,1,0,0,0,2,378,1,0,1,108,24,0,0,0,0,0,0,0,0,0,0,0,0,0,0
"103","FAN_222","III",599,204.6,2,0,0,0,110,0,0,15,0,0,0,7,0,0,0,5,0,0,0,1,0,0,0,0,21,11,0,1,2,0,0,0,69,0,0,0,18,32,0,0,0,0,0,0,0,0,0,0,0,0,0,0
"104","FAN_223",NA,NA,NA,0,0,0,0,0,0,0,0,0,0,0,0,0,0,0,0,0,0,0,0,0,0,0,0,0,0,0,0,0,0,0,0,0,0,0,0,0,0,0,0,0,0,0,0,0,0,0,0,0,0,0,0
"105","FAN_224","III",176,132.2,2,0,0,0,59,0,0,8,0,1,0,4,0,0,0,1,0,0,0,8,0,0,0,5,4,3,2,0,0,0,0,0,147,0,0,0,62,37,0,0,0,0,0,0,0,0,0,0,0,0,1,0
"106","FAN_225","III",31,27.6,0,0,0,0,10,0,0,0,0,0,0,1,0,0,0,0,0,0,0,0,0,0,0,0,3,2,0,0,1,0,0,0,21,0,0,0,15,8,0,0,0,0,0,0,0,0,0,0,0,0,0,0
"107","FAN_226","III",220,182,1,0,0,0,82,0,0,6,1,0,0,1,0,0,0,1,0,0,0,2,0,0,0,1,12,3,1,0,0,0,0,0,275,0,0,0,80,52,0,0,0,0,0,0,0,0,0,0,0,0,0,0
"108","FAN_227","III",25,20.3,0,0,0,0,4,0,0,0,0,0,0,0,0,0,0,0,0,0,0,0,0,0,0,0,0,1,0,0,0,0,0,0,15,0,0,0,4,9,0,0,0,0,0,0,0,0,0,0,0,0,0,0
"109","FAN_228","III",54,50.6,0,0,0,0,3,0,0,0,0,0,0,1,0,0,0,0,0,0,0,0,0,0,0,0,2,0,0,0,1,0,0,0,42,0,0,0,16,4,0,0,0,0,0,0,0,0,0,0,0,0,0,0
"110","FAN_229","III",250,127.1,0,1,0,0,33,0,0,5,1,0,0,1,0,0,0,0,0,0,0,0,0,0,0,0,0,0,1,0,0,0,0,0,88,0,0,0,55,0,0,0,0,0,0,0,0,0,0,0,0,0,0,0
"111","FAN_230","III",529,491.3,0,3,0,0,33,0,0,2,0,0,0,4,0,0,0,1,0,0,0,4,0,0,0,2,9,4,0,0,0,0,0,0,355,0,0,0,180,41,0,0,0,0,0,0,0,0,0,0,0,0,0,0
"112","FAS_100","VII",30,135.3,0,0,0,0,0,0,0,0,0,0,0,0,0,0,0,0,0,0,44,56,0,0,3,5,14,0,0,0,4,0,0,0,1,0,0,0,5,0,0,0,0,0,0,0,49,0,42,14,0,0,1,0
"113","FAS_101","VII",69,78,0,0,0,0,0,0,0,0,0,0,0,1,0,0,0,0,0,0,5,10,2,0,0,0,1,0,1,0,4,0,0,0,1,0,0,0,2,0,0,0,0,0,3,1,6,0,6,1,0,0,0,0
"114","FAS_102","VII",89,165.6,0,0,0,0,0,0,0,0,0,0,0,6,0,0,0,0,0,4,11,26,1,0,2,0,8,0,0,0,2,0,0,0,1,0,0,0,14,0,0,0,0,0,2,0,10,0,12,2,0,0,0,0
"115","FAS_103","VII",100,250,0,0,0,0,0,0,0,0,0,0,0,4,0,0,0,0,0,0,20,13,3,0,1,0,4,0,1,0,13,0,1,0,2,0,0,0,4,3,0,0,0,0,0,0,8,0,8,2,0,0,0,0
"116","FAS_104","VII",73,357.9,0,0,0,0,0,0,0,0,0,0,0,2,0,0,0,1,0,0,83,45,0,0,3,17,24,0,4,0,6,0,0,0,8,0,0,0,7,0,0,0,0,0,0,0,39,0,39,9,0,0,2,3
"117","FAS_105","VII",17,0,0,0,0,0,0,0,0,0,0,0,0,0,0,0,0,0,0,0,0,0,0,0,0,0,0,0,0,0,0,0,0,0,0,0,0,0,0,0,0,0,0,0,0,0,0,0,0,0,0,0,0,0
"118","FAS_106","VII",17,250,0,0,0,0,0,0,0,0,0,0,0,3,0,0,0,0,0,2,10,10,1,0,3,10,11,1,0,0,14,0,0,0,10,0,0,0,14,0,0,0,0,0,2,0,15,0,10,5,0,1,0,0
"119","FAS_107","VII",46,279.9,0,0,0,0,0,0,0,0,0,0,0,13,0,0,0,0,0,0,8,15,0,0,0,2,4,0,0,0,5,0,0,0,5,0,0,0,10,0,0,0,0,0,3,0,12,0,7,5,0,0,0,0
"120","FAS_108","VII",27,77.8,0,0,0,0,0,0,0,0,0,0,0,4,0,0,0,0,0,13,5,9,3,0,0,2,2,0,1,0,16,0,0,0,18,0,0,0,10,0,0,0,0,0,0,0,11,0,3,8,0,0,0,0
"121","FAS_109","VII",167,285.3,0,1,0,0,0,0,0,0,0,0,0,12,0,2,0,0,0,6,13,2,2,0,3,0,2,0,1,0,0,0,0,0,5,0,0,0,5,1,0,0,0,0,0,0,3,0,3,0,0,0,1,0
"122","FAS_110","VII",60,17.7,0,0,0,0,0,0,0,0,0,0,0,0,0,3,0,0,0,0,2,0,1,0,1,0,0,0,0,0,2,0,0,0,0,0,0,0,0,0,0,0,0,0,0,0,2,0,2,0,0,0,0,0
"123","FAS_111","VII",82,99.4,0,0,0,0,0,0,0,0,0,0,0,1,0,17,0,0,0,0,5,11,0,0,0,0,1,0,6,0,4,0,0,0,1,0,0,0,3,0,0,0,0,0,0,0,3,0,2,1,0,0,0,0
"124","FAS_112","VII",145,35.7,0,0,0,0,0,0,0,0,0,0,0,3,0,35,0,0,0,0,4,4,0,1,1,0,0,0,13,0,14,0,0,0,0,0,1,0,5,0,0,0,0,0,0,0,3,0,3,0,0,0,0,0
"125","FAS_113","VII",91,12.1,0,2,0,0,0,1,0,0,0,0,0,2,0,7,0,0,0,0,0,0,0,0,0,0,0,0,1,0,1,0,0,0,0,0,0,0,0,0,0,0,0,0,0,0,0,0,0,0,0,0,0,0
"126","FAS_114","VII",82,5.6,0,0,0,0,0,0,0,0,0,0,0,0,0,0,0,0,0,0,0,0,0,0,0,0,0,0,0,0,2,0,0,0,0,0,0,0,1,0,0,0,0,0,0,0,1,0,1,0,0,0,0,0
"127","FAS_115",NA,NA,NA,0,0,0,0,0,0,0,0,0,0,0,0,0,0,0,0,0,0,0,0,0,0,0,0,0,0,0,0,0,0,0,0,0,0,0,0,0,0,0,0,0,0,0,0,0,0,0,0,0,0,0,0
"128","FAS_116","VII",432,196.8,0,1,0,0,2,5,0,0,0,0,0,7,0,10,0,0,0,0,2,15,2,0,0,0,2,0,12,0,5,0,0,0,2,0,0,0,2,0,0,0,0,0,0,0,3,0,3,0,0,0,3,0
"129","FAS_117","VII",586,237.9,0,0,0,0,0,0,0,0,0,0,0,1,0,0,0,0,0,1,18,16,1,0,2,0,1,0,16,0,2,0,0,2,0,0,0,0,1,1,0,0,0,0,10,0,21,0,21,4,0,0,0,0
"130","FAS_118","VII",216,75.7,0,2,0,0,0,0,0,0,0,0,0,0,0,0,0,0,0,1,14,4,0,0,0,0,0,0,24,0,0,0,0,0,0,0,0,0,9,0,0,0,0,0,0,0,15,0,10,5,0,0,0,0
"131","FAS_119","VII",185,88.8,0,0,0,0,0,0,0,0,0,0,0,0,0,0,0,0,0,1,20,4,1,0,1,2,1,0,11,0,0,0,0,0,5,0,0,0,5,1,0,0,0,0,0,0,12,0,11,2,0,0,0,0
"132","FAS_120","VII",308,414.1,0,2,0,0,2,0,0,0,0,0,0,10,0,0,0,0,0,0,21,23,5,0,0,18,7,0,8,0,11,0,0,0,0,0,0,0,24,1,0,0,0,0,1,0,37,7,24,0,0,2,4,0
"133","FAS_121","VII",62,360.2,0,0,0,0,0,0,0,0,0,0,0,12,0,0,0,0,0,0,30,9,5,0,0,10,4,0,6,0,11,0,0,0,0,0,4,0,27,0,0,0,0,0,0,0,26,0,28,1,0,0,4,0
"134","FAS_122","VII",308,385.3,0,1,0,0,0,0,0,0,0,0,0,7,0,0,0,0,0,0,9,3,6,0,0,8,2,0,3,0,25,0,0,0,0,0,1,0,14,0,0,0,0,0,2,0,5,0,4,1,0,0,1,1
"135","FAS_123","VII",278,453.5,0,1,0,0,0,0,0,0,0,0,0,1,0,0,0,0,0,1,23,6,5,0,0,0,0,0,9,0,20,0,0,0,1,0,1,0,18,0,0,0,0,0,0,0,3,0,2,2,0,0,0,0
"136","FAS_124","VII",301,284.1,0,1,0,0,0,0,0,0,0,0,0,4,0,3,0,0,0,0,13,6,2,0,1,2,0,3,12,0,1,0,0,0,1,0,0,0,12,0,0,0,0,0,0,0,3,0,3,1,0,0,1,0
"137","FAS_125","VII",34,15.5,0,0,0,0,0,0,0,0,0,0,0,0,0,0,0,0,0,0,0,0,0,0,0,0,0,0,0,0,0,0,0,0,0,0,0,0,2,0,0,0,0,0,0,0,0,0,0,0,0,0,0,0
"138","FAS_126","VII",126,55.7,0,0,0,0,0,0,0,0,0,0,0,4,0,1,0,0,0,0,8,4,0,0,0,0,2,0,1,0,5,0,0,0,1,0,0,0,9,0,0,0,0,0,0,0,7,0,8,0,0,0,0,0
"139","FAS_127",NA,NA,NA,0,0,0,0,0,0,0,0,0,0,0,0,0,0,0,0,0,0,0,0,0,0,0,0,0,0,0,0,0,0,0,0,0,0,0,0,0,0,0,0,0,0,0,0,0,0,0,0,0,0,0,0
"140","FAS_128","VII",216,10.7,0,1,2,0,0,0,0,0,0,0,0,0,0,0,0,0,0,0,0,0,0,0,0,7,13,0,1,0,0,0,0,0,0,0,0,0,0,0,0,0,0,0,0,0,3,0,8,0,0,0,0,0
"141","FAS_129",NA,NA,NA,0,0,0,0,0,0,0,0,0,0,0,0,0,0,0,0,0,0,0,0,0,0,0,0,0,0,0,0,0,0,0,0,0,0,0,0,0,0,0,0,0,0,0,0,0,0,0,0,0,0,0,0
"142","FAS_130","VI/VII",222,6.6,0,0,0,0,0,0,0,0,0,0,0,0,0,0,0,0,0,0,14,3,0,0,0,0,24,0,0,0,0,0,0,0,0,0,0,0,0,0,0,0,0,0,0,0,1,0,1,0,0,0,0,0
"143","FAS_131","VI/VII",203,3.9,0,0,0,0,0,0,0,0,0,0,0,0,0,0,0,0,0,0,0,4,2,0,0,0,9,0,0,0,0,0,0,0,0,0,0,0,0,0,0,0,0,0,0,0,0,0,0,0,0,0,0,0
"144","FAS_132","VI/VII",58,0.5,0,0,1,0,0,0,0,0,0,0,0,0,0,0,0,0,0,0,1,0,0,0,0,0,0,0,3,0,0,0,0,0,0,0,0,0,0,0,0,0,0,0,0,0,0,0,0,0,0,0,0,0
"145","FAS_133","VI",35,0.1,0,0,0,0,0,0,0,0,0,0,0,0,0,0,0,0,0,0,0,0,0,0,0,0,0,0,0,0,0,0,0,0,0,0,0,0,0,0,0,0,0,0,0,0,0,0,0,0,0,0,0,0
"146","FAS_134","VI",73,0.6,0,0,0,0,0,0,0,0,0,0,0,0,0,0,0,0,0,0,0,0,0,0,0,0,0,0,0,0,0,0,0,0,0,0,0,0,1,0,0,0,0,0,0,0,0,0,0,0,0,0,0,0
"147","FAS_135","VI",65,1.8,0,0,0,0,0,0,0,0,0,0,0,0,0,0,0,0,0,0,0,0,0,0,0,0,0,0,0,0,0,0,0,0,0,0,0,0,0,0,0,0,0,0,0,0,0,0,0,0,0,0,0,0
"148","FAS_136","VI",173,7.1,0,0,0,0,0,0,0,0,0,0,0,2,0,0,0,0,0,0,0,4,0,0,0,0,0,0,0,0,0,0,0,0,0,0,0,0,2,0,0,0,0,0,0,0,0,0,0,0,0,0,0,0
"149","FAS_137","VI",151,3,0,0,0,0,0,0,0,0,0,0,0,0,0,0,0,0,0,0,0,0,0,0,0,0,0,0,1,0,0,0,0,0,0,0,0,0,2,0,0,0,0,0,0,0,0,0,0,0,0,0,0,0
"150","FAS_138","VI",86,3.9,0,0,0,0,0,0,0,0,0,0,0,0,0,0,0,0,0,0,0,0,0,0,0,0,3,0,0,0,0,0,0,0,0,0,0,0,2,0,0,0,0,0,0,0,0,0,0,0,0,0,0,0
"151","FAS_139","VI",108,2.4,0,0,0,0,0,0,0,0,0,0,0,0,0,0,0,0,0,0,1,0,0,0,0,0,1,0,0,0,0,0,0,0,0,0,0,0,0,0,0,0,0,0,0,0,0,0,0,0,0,0,0,0
"152","FAS_140","VI",121,12,0,0,0,0,0,0,0,0,0,0,0,1,0,0,0,0,0,0,0,2,0,0,0,0,1,0,0,0,0,0,0,0,0,0,0,0,3,0,0,0,0,0,0,0,0,0,0,0,0,0,0,0
"153","FAS_141","VI",6,2.6,0,1,0,0,0,0,0,0,0,0,0,0,0,0,0,0,0,0,0,0,0,0,0,0,0,0,0,0,0,0,0,0,0,0,0,0,0,0,0,0,0,0,0,0,0,0,0,0,0,0,0,0
"154","FAS_142",NA,NA,NA,0,0,0,0,0,0,0,0,0,0,0,0,0,0,0,0,0,0,0,0,0,0,0,0,0,0,0,0,0,0,0,0,0,0,0,0,0,0,0,0,0,0,0,0,0,0,0,0,0,0,0,0
"155","FAS_143","VI",154,10,0,0,0,0,0,0,0,0,0,0,0,0,0,0,0,0,0,0,0,0,0,0,0,0,1,0,0,0,0,1,0,0,0,0,0,0,0,0,0,0,0,0,0,0,1,0,1,0,0,0,0,0
"156","FAS_144","VI",123,13.7,0,4,0,0,0,0,0,0,0,0,0,0,0,0,0,0,0,0,6,0,0,0,0,0,0,0,0,0,0,0,0,0,0,0,0,0,1,0,0,0,0,0,0,0,0,0,0,0,0,0,0,0
"157","FAS_145","VI",401,26.3,0,0,0,0,0,0,0,0,0,0,0,0,0,0,0,0,0,0,5,0,1,0,0,0,0,0,0,0,0,0,0,0,0,0,0,0,1,0,0,0,0,0,0,0,10,0,11,0,0,0,2,0
"158","FAS_146","V/VI",308,8.3,0,1,0,0,3,0,0,0,0,0,0,0,0,0,0,0,0,0,7,0,0,0,0,0,2,0,0,0,0,0,0,0,1,0,0,1,8,0,0,0,0,0,0,0,0,0,0,0,0,0,0,0
"159","FAS_147",NA,NA,NA,0,0,0,0,0,0,0,0,0,0,0,0,0,0,0,0,0,0,0,0,0,0,0,0,0,0,0,0,0,0,0,0,0,0,0,0,0,0,0,0,0,0,0,0,0,0,0,0,0,0,0,0
"160","FAS_148","V",154,20.8,0,1,0,0,16,0,0,7,0,0,0,0,0,0,0,0,0,0,0,0,0,0,0,0,0,0,0,0,7,0,0,0,2,0,0,0,3,0,0,0,0,0,0,0,0,0,0,0,0,0,0,0
"161","FAS_149","V",163,10.7,0,2,0,0,8,0,0,2,0,0,0,0,0,0,0,0,0,0,12,4,0,0,0,0,1,0,0,0,0,0,0,0,7,0,0,0,4,0,0,0,0,0,1,0,0,0,0,0,0,0,0,0
"162","FAS_150","V",10,59.7,0,0,0,0,0,0,0,0,0,0,0,0,1,0,0,0,0,0,4,0,0,0,0,7,2,0,0,0,0,0,0,0,0,0,0,0,4,0,0,0,0,0,0,0,0,0,0,0,0,0,1,0
"163","FAS_151","V",463,48.9,1,2,0,0,24,0,0,0,0,0,0,0,0,0,0,0,0,0,0,0,0,0,0,0,1,0,0,0,0,0,0,0,0,0,0,0,3,0,0,0,0,0,0,0,0,0,0,0,0,0,0,0
"164","FAS_152",NA,NA,NA,0,0,0,0,0,0,0,0,0,0,0,0,0,0,0,0,0,0,0,0,0,0,0,0,0,0,0,0,0,0,0,0,0,0,0,0,0,0,0,0,0,0,0,0,0,0,0,0,0,0,0,0
"165","FAS_153","V",103,16.8,0,0,0,0,5,0,0,0,0,0,0,0,2,0,0,0,0,0,0,0,0,0,0,2,1,0,0,0,0,0,0,0,0,0,0,0,2,0,0,0,0,0,0,0,0,0,0,0,0,0,0,0
"166","FAS_154","V",243,71.3,0,0,0,0,1,0,0,0,0,0,0,0,0,0,0,0,0,0,0,0,0,0,0,3,0,0,0,0,0,0,0,0,0,0,0,0,2,0,0,0,0,0,0,0,0,0,0,0,0,0,0,0
"167","FAS_155","V",59,54.4,0,0,0,0,1,0,0,0,0,0,0,0,0,0,0,0,0,0,0,0,0,0,2,0,6,0,0,0,0,0,0,0,12,0,0,0,6,0,0,0,0,0,0,0,0,0,0,0,0,1,1,0
"168","FAS_156","V",390,59.1,0,0,0,0,0,0,0,0,0,0,0,1,0,0,0,0,0,0,0,1,0,0,0,3,0,0,1,0,0,0,0,0,14,0,0,0,4,0,0,0,0,0,0,0,0,0,0,0,0,0,0,0
"169","FAS_157","V",50,67.4,0,0,0,0,0,0,0,0,0,0,0,0,0,0,0,0,0,0,0,0,0,0,0,0,0,2,1,0,0,0,0,0,1,0,0,0,6,0,0,0,0,0,0,0,0,0,0,0,0,0,0,0
"170","FAS_158","V",18,23.7,0,0,0,0,1,0,0,0,0,0,0,0,0,0,0,0,0,0,0,0,0,0,0,0,0,0,1,0,0,0,0,0,3,0,0,0,3,0,0,0,0,0,0,0,0,0,0,0,0,0,1,0
"171","FAS_159","V",184,20.2,0,1,0,0,0,0,0,0,0,0,0,0,2,0,0,0,0,0,0,0,0,0,0,0,3,0,0,0,0,0,0,0,0,0,0,0,3,0,0,0,0,0,0,0,0,0,0,0,0,1,1,0
"172","FAS_160","IV/V",18,5.8,0,0,0,0,1,0,0,0,0,0,0,0,0,0,0,0,0,0,0,0,0,0,0,0,0,0,1,0,0,0,0,0,0,0,0,0,3,0,0,0,0,0,0,0,0,0,0,0,0,0,0,0
"173","FAS_161","IV/V",21,144.6,0,0,0,0,0,0,0,0,0,0,0,0,0,0,0,0,0,0,0,0,0,0,0,2,1,0,0,0,0,0,0,0,0,0,0,0,7,0,0,0,0,0,0,0,0,0,0,0,0,0,0,0
"174","FAS_162","IV/V",51,255.7,0,0,0,0,3,0,0,0,0,0,1,0,0,0,0,0,0,0,0,0,3,0,0,1,1,2,5,0,0,0,0,0,1,0,0,0,15,0,0,0,0,0,0,0,0,0,0,0,0,0,2,0
"175","FAS_163","IV/V",42,30.9,0,0,0,0,0,0,0,0,0,0,0,0,2,0,0,0,0,0,0,0,0,0,0,0,0,0,0,0,0,0,0,0,0,0,0,0,3,0,0,0,0,0,0,0,0,0,0,0,0,0,0,0
"176","FAS_164","IV/V",21,79.2,0,0,0,0,3,0,0,0,0,0,0,0,0,0,0,0,0,0,0,0,0,0,0,0,0,0,0,0,0,0,0,0,1,0,0,0,3,0,0,0,0,0,0,0,0,0,0,0,0,0,0,0
"177","FAS_165","IV/V",53,83.4,0,0,0,0,0,0,0,0,0,0,0,0,0,0,0,0,0,0,0,0,0,0,0,0,2,1,18,0,1,0,0,0,15,0,0,0,4,0,0,0,0,0,0,0,0,0,0,0,0,0,0,0
"178","FAS_166","IV/V",41,92.1,0,0,0,0,7,0,0,0,0,0,0,0,0,0,0,0,0,0,0,0,0,0,0,0,0,0,14,0,0,0,0,0,17,0,0,0,8,0,0,0,0,0,0,0,0,0,0,0,0,0,0,0
"179","FAS_167","IV/V",42,72.3,0,0,0,0,0,0,0,0,0,0,0,0,0,0,0,0,0,0,0,0,5,0,0,3,0,0,12,0,0,0,0,0,2,0,0,0,9,1,0,0,0,0,0,0,0,0,0,0,0,0,2,0
"180","FAS_168","IV",84,101.7,0,0,0,0,1,0,0,0,0,0,0,0,0,0,0,0,0,0,0,0,0,0,0,0,3,1,82,0,0,0,0,0,13,0,0,0,10,1,0,0,0,0,0,0,0,0,0,0,0,0,0,0
"181","FAS_169","IV",16,7.2,0,0,0,0,0,0,0,0,0,0,0,0,0,0,0,0,0,0,0,0,0,0,0,0,0,1,13,0,0,0,0,0,0,0,0,0,16,2,0,0,0,0,0,0,0,0,0,0,0,0,0,0
"182","FAS_170","IV",148,154.3,0,1,1,0,33,0,0,0,0,0,0,0,0,0,0,0,0,0,0,4,0,0,0,0,0,1,963,2,0,0,0,0,12,0,0,0,25,0,0,0,0,0,0,0,0,0,0,0,0,0,1,0
"183","FAS_171","IV",60,79.3,0,0,0,0,9,0,0,9,0,0,0,0,1,0,0,0,0,0,0,0,12,0,0,0,1,0,91,0,0,0,0,0,10,0,0,0,3,1,0,0,0,0,0,0,0,0,0,0,0,0,0,0
"184","FAS_172","IV",216,235.2,1,9,4,0,19,0,1,0,0,0,0,0,1,0,0,0,0,0,1,0,11,4,0,15,4,4,2404,6,0,0,0,2,25,0,1,0,15,2,0,0,0,0,0,0,0,0,0,0,0,0,1,0
"185","FAS_173","IV",20,74.4,0,2,0,0,4,0,0,0,0,0,0,0,0,0,0,0,0,0,0,0,1,0,0,0,1,0,451,0,0,0,0,0,5,0,0,0,8,0,0,0,0,0,0,0,0,0,0,0,0,0,0,0
"186","FAS_174","IV",139,288.1,0,4,0,0,30,0,0,0,0,2,0,1,0,0,0,0,0,0,1,2,7,0,1,2,9,0,245,0,0,0,0,0,103,0,0,0,46,14,0,0,0,0,0,0,0,0,0,0,0,0,4,0
"187","FAS_175","IV",112,75.6,0,0,0,0,15,0,0,0,0,0,0,0,0,0,0,0,0,0,0,0,4,0,1,2,10,0,60,0,0,0,0,0,35,0,2,0,10,4,0,0,0,0,0,0,0,0,0,0,0,0,0,0
"188","FAS_176","III",649,351.3,0,0,0,0,198,0,0,0,0,4,0,0,0,0,0,0,0,0,0,17,10,0,3,5,102,0,0,0,0,0,0,4,18,0,2,0,151,0,0,0,0,0,0,0,0,0,0,0,0,0,4,0
"189","FAS_177","III",346,602.4,2,1,0,0,78,0,0,0,0,2,0,0,0,0,0,0,0,0,0,6,0,0,1,35,74,2,0,0,0,0,0,4,139,0,3,0,342,49,0,0,0,0,0,0,0,0,0,0,0,0,4,0
"190","FAS_178","III",14,103.4,4,1,0,0,207,0,0,0,0,7,0,0,0,0,0,0,0,0,15,26,0,0,1,23,105,33,2,0,2,0,0,6,316,0,0,0,137,120,0,0,0,0,0,0,0,0,0,0,0,0,7,0
"191","FAS_179","III",277,492.3,1,0,0,0,120,0,0,10,0,7,0,3,0,0,5,0,0,0,9,7,0,0,4,43,65,6,3,1,0,0,0,1,167,0,0,0,150,54,0,0,0,0,0,0,0,0,0,0,0,0,10,0
"192","FAS_180","III",214,352.1,1,0,0,0,68,0,0,4,0,13,0,1,0,0,0,1,0,0,0,5,0,0,0,27,16,0,2,0,1,0,0,0,222,0,0,0,101,32,0,0,0,0,0,0,0,0,0,0,0,0,0,0
"193","FAS_181","III",151,59,0,0,0,0,18,0,0,1,0,1,0,1,0,0,0,0,0,0,0,0,0,0,0,7,2,0,0,1,0,0,0,0,140,0,0,0,27,12,0,0,0,0,0,0,0,0,0,0,0,0,0,0
"194","FAS_182","III",381,252.3,1,0,0,0,33,0,0,3,0,2,0,0,0,0,0,0,0,0,0,14,0,0,0,6,11,0,0,1,0,0,0,0,144,0,0,0,86,24,0,0,0,0,0,0,0,0,0,0,0,0,0,0
"195","FAS_183","III",143,79.4,2,0,0,0,34,0,0,1,0,2,0,2,0,0,0,3,0,0,0,6,0,0,0,0,5,3,1,1,0,0,0,0,51,0,2,0,50,21,0,0,0,0,0,0,0,0,0,0,0,0,0,0
"196","FAS_184","III",450,433.2,3,0,0,0,92,0,0,11,0,0,0,2,0,0,0,1,0,0,0,12,0,0,0,19,13,4,2,1,0,0,0,2,320,0,1,0,130,0,0,0,0,0,0,0,0,0,0,0,0,0,3,0
"197","FAS_185","III",346,269.1,0,0,0,0,64,0,1,13,0,0,0,4,0,0,0,2,0,0,0,6,0,0,0,4,6,6,7,0,0,0,0,0,135,0,0,0,37,24,0,0,0,0,0,0,0,0,0,0,1,0,0,0
"198","FAS_186","III",277,212.6,0,0,0,0,13,0,0,5,0,0,0,3,0,0,0,0,0,0,0,1,14,0,1,3,2,0,0,1,0,0,0,1,224,0,0,0,72,0,0,0,0,0,0,0,0,0,0,0,0,0,0,0
"199","FAS_187","III",277,250.3,1,0,0,0,36,0,0,1,0,0,0,7,0,0,0,0,0,0,0,2,0,0,0,9,7,2,2,0,0,0,0,0,122,0,0,0,99,23,0,0,0,0,0,0,0,0,0,0,0,0,0,0
"200","FAS_188","III",277,372.5,2,0,0,0,4,0,0,0,0,1,0,0,1,0,0,0,0,0,0,6,0,0,0,6,6,0,0,0,0,0,0,0,277,0,0,0,1,37,0,0,0,0,0,0,0,0,0,0,0,0,0,0
"201","FAS_189","III",346,210,1,0,0,0,61,0,0,1,1,0,0,1,0,0,0,1,0,0,0,4,0,0,0,13,10,0,3,0,0,0,0,1,359,0,1,2,80,18,0,0,0,0,0,0,0,0,0,0,0,0,0,0
"202","FAS_190","III",312,267.9,0,0,0,0,29,0,0,1,0,0,0,6,0,0,0,0,0,0,0,3,0,0,0,5,3,0,0,0,1,0,0,0,343,0,0,0,83,11,0,0,0,0,0,0,0,0,0,0,0,0,0,0
"203","FAS_191","III",381,449.5,0,0,0,0,114,0,0,1,0,0,0,6,0,0,0,0,0,0,0,15,0,0,0,6,2,0,0,0,2,0,0,0,906,0,0,0,133,7,0,0,0,0,0,0,0,0,0,0,0,0,0,0
"204","FAS_192","III",346,409.5,1,3,0,0,349,0,0,2,0,1,0,11,0,0,0,2,0,0,0,21,0,0,0,1,18,3,0,1,1,0,0,1,808,0,0,3,170,10,0,0,0,0,0,0,0,0,0,0,0,0,0,1
"205","FAS_193","III",30,28.2,0,1,0,0,11,0,0,0,0,0,0,0,0,0,0,0,0,0,0,2,0,0,0,0,0,0,0,0,0,0,1,0,222,0,0,0,20,2,0,0,0,0,0,0,0,0,0,0,0,0,0,0
"206","FAS_194","III",28,57.8,0,2,0,0,213,0,0,1,0,0,0,3,0,0,0,0,0,0,0,20,0,0,0,9,10,0,0,1,0,0,0,0,522,0,0,0,38,6,0,0,0,0,0,0,0,0,0,0,0,0,1,0
"207","FAS_195","III",440,197.3,0,0,0,0,0,0,0,0,0,0,0,0,0,0,0,0,0,0,0,0,0,0,0,0,0,0,0,0,0,0,0,0,0,0,0,0,30,0,0,0,0,0,0,0,0,0,0,0,0,0,0,0
"208","FAS_196","III",554,213.9,0,0,0,0,84,0,0,0,0,0,0,1,0,0,0,1,1,0,0,10,8,0,0,10,5,0,5,0,0,0,0,0,85,0,1,0,26,12,0,0,0,0,0,0,0,0,0,0,0,0,0,0
"209","FAS_197","III",226,81.6,0,0,0,0,0,0,0,0,0,0,0,0,0,0,0,0,0,0,0,0,0,0,0,0,0,0,0,0,0,0,0,0,0,0,0,0,24,0,0,0,0,0,0,0,0,0,0,0,0,0,0,0
"210","FAS_198","III",208,98.5,0,1,0,0,60,0,1,0,0,0,0,0,0,0,0,0,0,0,0,10,0,0,0,3,2,0,0,0,0,0,0,0,27,0,0,0,11,13,0,0,0,0,0,0,0,0,0,0,0,0,0,0
"211","FAS_199","II/III",242,59.6,0,0,0,0,4,0,0,0,0,2,0,0,1,0,0,0,0,0,0,0,0,0,0,2,0,0,1,0,0,0,0,0,1,0,0,0,5,0,0,0,0,0,0,0,0,0,0,0,0,0,0,0
"212","FAS_200","II/III",208,54,0,0,0,0,0,0,0,0,0,0,0,0,0,0,0,0,0,0,0,0,0,0,0,1,0,0,1,0,0,0,0,0,3,0,0,0,12,14,0,0,0,0,0,0,0,0,0,0,0,0,0,0
"213","FAS_201","II/III",141,19.7,0,0,0,0,0,0,0,0,0,0,0,0,0,0,0,0,0,0,0,0,0,0,0,0,0,0,26,0,0,0,0,0,3,0,0,0,2,0,0,0,0,0,0,0,0,0,0,0,0,0,0,0
"214","FAS_202","II/III",277,67.4,0,1,0,0,0,0,0,0,0,0,0,0,0,0,0,0,0,0,0,0,0,0,0,1,2,0,0,0,0,0,0,0,1,0,0,0,3,0,0,0,0,0,0,0,0,0,0,0,0,0,0,0
"215","FAS_203","I/III",366,64.7,0,0,0,0,5,0,0,0,0,0,0,0,0,0,0,0,0,0,0,0,0,0,0,0,1,0,0,0,0,0,0,0,0,0,0,0,2,0,0,0,0,0,0,0,0,0,0,0,0,0,0,0
"216","FAS_204","I/II",312,17.7,0,0,0,0,0,0,0,0,0,0,0,0,0,0,0,0,0,0,0,0,0,0,0,0,0,0,0,1,0,0,0,0,0,0,0,0,1,0,0,0,0,0,0,0,0,0,0,0,0,0,0,0
"217","FAS_205","II",381,19.7,0,8,0,0,1,0,0,0,0,0,0,0,0,0,0,0,0,0,0,0,0,0,0,1,0,0,8,0,0,0,0,0,3,0,0,0,2,0,0,0,0,0,0,0,0,0,0,0,0,0,0,0
"218","FAS_206","Ib",277,9.8,0,9,0,0,1,0,0,0,0,0,0,0,0,0,0,0,0,0,0,0,0,0,0,1,0,0,12,0,0,0,0,0,0,0,0,0,0,1,0,0,0,0,0,0,0,0,0,0,0,0,0,0
"219","FAS_207","Ib",298,6.7,0,5,0,0,0,0,0,0,0,0,0,0,0,0,0,0,0,0,0,0,0,0,0,0,0,0,1,0,0,0,0,0,0,0,0,0,0,0,0,0,0,0,0,0,0,0,0,0,0,0,0,0
"220","FAS_208","Ib",797,10.1,0,0,0,0,0,0,0,0,0,0,0,0,0,0,0,0,0,0,0,0,0,0,0,0,0,0,179,0,0,0,0,0,0,0,0,0,0,1,0,0,0,0,0,0,0,0,0,0,0,0,1,0
"221","FAS_209","Ib",624,2.2,0,49,1,0,0,0,0,0,0,0,0,0,0,0,0,0,0,0,0,0,0,0,0,0,0,0,108,0,0,0,0,0,0,0,0,0,0,0,0,0,0,0,0,0,0,0,0,0,0,0,0,0
"222","FAS_210","Ib",244,0,0,0,0,0,0,0,0,0,0,0,0,0,0,0,0,0,0,0,0,0,0,0,0,0,0,0,0,0,0,0,0,0,0,0,0,0,0,0,0,0,0,0,0,0,0,0,0,0,0,0,0,0
"223","FAS_211","Ib",NA,NA,0,49,5,0,0,0,0,0,0,0,0,0,0,0,0,0,0,0,0,0,0,0,0,0,0,0,41,0,0,0,0,0,0,0,0,0,0,0,0,0,0,0,0,0,0,0,0,0,0,0,0,0
"224","FAS_212","Ib",488,3.6,0,11,1,0,0,0,0,0,0,0,0,0,0,0,0,0,0,0,0,0,0,0,0,0,0,0,301,0,0,0,0,0,0,0,0,0,0,0,0,0,0,0,0,0,0,0,0,0,0,0,0,0
"225","FAS_213","Ib",107,0.8,0,24,6,0,0,0,0,0,0,0,0,0,0,0,0,0,0,0,0,0,0,0,0,0,0,0,17,0,0,0,0,0,1,0,0,0,0,0,0,0,0,0,0,0,0,0,0,0,0,0,0,0
"226","FAS_214","Ib",391,1.4,0,91,0,0,0,0,0,0,0,0,0,0,0,0,0,0,0,0,0,0,0,0,0,0,0,0,72,0,0,0,0,0,0,0,0,0,0,0,0,0,0,0,0,0,0,0,0,0,0,0,0,0
"227","FAS_215","Ib",77,1.3,0,113,0,0,0,0,0,0,0,0,0,0,0,0,0,0,0,0,0,0,0,0,0,0,0,0,93,0,0,0,0,0,0,0,0,0,0,0,0,0,0,0,0,0,0,0,0,0,0,0,0,0
"228","FAS_216","Ib",90,2.5,0,13,3,0,0,0,0,0,0,0,0,0,0,0,0,0,0,0,0,0,0,0,0,0,0,0,881,0,0,0,0,0,2,0,0,0,0,0,0,0,0,0,0,0,0,0,0,0,0,0,0,0
"229","FAS_217","Ib",179,4,0,278,1,0,0,0,0,0,0,0,0,0,0,0,0,0,0,0,0,0,0,0,0,0,0,0,576,0,0,0,0,0,3,0,0,0,0,0,0,0,0,0,0,0,0,0,0,0,0,0,0,0
"230","FAS_218","Ia",213,0.2,0,46,0,0,0,0,0,0,0,0,0,0,0,0,0,0,0,0,0,0,0,0,0,0,0,0,25,0,0,0,0,0,0,0,0,0,0,0,0,0,0,0,0,0,0,0,0,0,0,0,0,0
"231","FAS_219","Ia",672,0.8,0,203,1,0,0,0,0,0,0,0,0,0,0,0,0,0,0,0,0,0,0,0,0,0,0,0,35,0,0,0,0,0,0,0,0,0,0,0,0,0,0,0,0,0,0,0,0,0,0,0,0,0
"232","FAS_220","Ia",213,1.2,0,313,0,0,0,0,0,0,0,0,0,0,0,0,0,0,0,0,0,0,0,0,0,0,0,0,99,0,0,0,0,0,0,0,0,0,0,0,0,0,0,0,0,0,0,0,0,0,0,0,0,0
"233","FAS_221","Ia",315,1.6,0,284,0,0,0,0,0,0,0,0,0,0,0,0,0,0,0,0,0,0,0,0,0,0,0,0,148,0,0,0,0,0,0,0,0,0,0,0,0,0,0,0,0,0,0,0,0,0,0,0,0,0
"234","FAS_222","Ia",316,2,0,559,0,0,0,0,0,0,0,0,0,0,0,0,0,0,0,0,0,0,0,0,0,0,0,0,49,0,0,0,0,0,0,0,0,0,0,0,0,0,0,0,0,0,0,0,0,0,0,0,0,0
"235","FAS_223","Ia",693,3.5,0,1088,0,0,0,0,0,0,0,0,0,0,0,0,0,0,0,0,0,0,0,0,0,0,0,0,31,0,0,0,0,0,0,0,0,0,0,0,0,0,0,0,0,0,0,0,0,0,0,0,0,0
"236","FAS_224","Ia",561,2.7,0,747,0,0,0,0,0,0,0,0,0,0,0,0,0,0,0,0,0,0,0,0,0,0,0,0,167,0,0,0,0,0,0,0,0,0,0,0,0,0,0,0,0,0,0,0,0,0,0,0,0,0
"237","FAS_225","Ia",416,3.4,0,1023,0,0,0,0,0,0,0,0,0,0,0,0,0,0,0,0,0,0,0,0,0,0,0,0,159,0,0,0,0,0,0,0,0,0,0,0,0,0,0,0,0,0,0,0,0,0,0,0,0,0
"238","FAS_226","Ia",866,5.9,0,2001,1,0,0,0,0,0,0,0,0,0,0,0,0,0,0,0,0,0,0,0,0,0,0,0,248,0,0,0,0,0,0,0,0,0,0,0,0,0,0,0,0,0,0,0,0,0,0,0,0,0
"239","FAS_227","Ia",146,0.7,0,152,0,0,0,0,0,0,0,0,0,0,0,0,0,0,0,0,0,0,0,0,0,0,0,0,7,0,0,0,0,0,0,0,0,0,0,0,0,0,0,0,0,0,0,0,0,0,0,0,0,0
"240","FAS_59",NA,NA,NA,0,0,0,0,0,0,0,0,0,0,0,0,0,0,0,0,0,0,0,0,0,0,0,2,0,0,0,0,0,0,0,0,0,0,0,0,0,0,0,0,0,0,0,0,0,0,0,0,0,0,0,0
"241","FAS_61",NA,NA,NA,0,1,0,0,0,0,0,0,0,0,0,0,0,0,0,0,0,0,0,0,0,0,0,0,0,0,0,0,0,0,0,0,0,0,0,0,0,0,0,0,0,0,0,0,0,0,0,0,0,0,0,0
"242","FAS_64",NA,NA,NA,0,0,0,0,0,0,0,0,0,0,0,0,0,0,0,0,0,0,1,0,0,0,0,1,0,0,0,0,0,0,0,0,0,0,0,0,0,0,0,0,0,0,0,0,0,0,0,0,0,0,0,0
"243","FAS_66",NA,NA,NA,0,0,0,0,0,0,0,0,0,0,0,0,0,0,0,0,0,0,1,0,0,0,0,1,0,0,0,0,0,0,0,0,0,0,0,0,0,0,0,0,0,0,0,0,0,0,0,0,0,0,0,0
"244","FAS_67",NA,NA,NA,0,0,0,0,0,0,0,0,0,0,0,0,0,0,0,0,0,0,0,0,0,0,0,1,0,0,0,0,0,0,0,0,0,0,0,0,0,0,0,0,0,0,0,0,1,0,1,0,0,0,0,0
"245","FAS_69",NA,NA,NA,0,0,0,0,0,0,0,0,0,0,0,0,0,0,0,0,0,0,0,2,0,0,0,2,0,0,0,0,0,0,0,0,0,0,0,0,0,0,0,0,0,0,0,0,1,0,1,0,0,0,0,0
"246","FAS_71",NA,NA,NA,0,1,0,0,0,0,0,0,0,0,0,0,0,0,0,0,0,0,0,0,0,0,0,0,0,0,1,0,0,0,0,0,0,0,0,0,0,0,0,0,0,0,0,0,0,0,0,0,0,0,0,0
"247","FAS_73","VII",272,102.7,0,6,0,0,0,0,0,0,0,0,0,0,0,0,0,0,0,3,39,26,0,0,0,0,0,0,1,0,1,0,0,0,1,0,0,1,1,0,0,0,0,0,1,0,4,0,4,0,0,0,0,0
"248","FAS_74","VII",257,128.8,0,0,0,0,0,0,0,0,0,0,0,1,0,0,0,0,0,0,51,28,0,0,0,0,3,0,0,0,7,0,0,0,0,0,0,0,1,0,0,0,0,0,0,0,6,0,6,0,0,0,0,0
"249","FAS_75","VII",45,106.4,0,0,0,0,0,0,0,0,0,0,0,2,1,0,0,0,0,1,36,4,0,0,0,0,0,0,1,0,2,0,0,0,0,0,0,0,4,0,0,0,0,0,0,0,6,0,6,0,0,0,0,0
"250","FAS_76","VII",129,801.2,0,0,0,0,0,0,0,0,0,0,0,0,1,0,0,0,0,1,44,13,0,0,0,0,2,0,1,0,0,0,0,0,0,0,0,0,6,0,0,0,0,0,0,0,17,0,20,0,0,0,0,0
"251","FAS_77","VII",62,89.5,0,0,0,0,0,0,0,0,0,0,0,0,0,0,0,0,0,0,21,4,0,0,0,2,2,0,0,0,0,0,0,0,0,0,0,0,0,0,0,0,0,0,0,0,2,0,2,0,0,0,0,1
"252","FAS_78","VII",58,73,0,0,0,0,0,0,0,0,0,0,0,0,0,0,0,0,0,0,42,7,0,0,1,1,3,0,4,0,3,0,0,0,6,0,0,1,1,0,0,0,0,0,0,0,4,0,4,0,0,0,0,0
"253","FAS_79","VII",54,91.6,0,0,0,0,0,0,0,0,0,0,0,1,0,0,0,0,0,0,34,11,0,0,0,6,5,0,1,0,3,0,0,0,0,0,0,0,1,0,0,0,0,0,0,0,2,0,2,0,0,0,0,0
"254","FAS_80","VII",30,21.2,0,0,0,0,0,0,0,0,0,0,0,0,0,0,0,0,0,0,11,0,0,0,1,0,0,0,0,0,0,0,0,0,0,0,0,0,0,0,0,0,0,0,0,0,2,0,2,0,0,0,0,0
"255","FAS_81","VII",98,411.1,0,0,0,0,0,0,0,0,0,0,0,0,0,0,0,0,0,0,37,12,0,0,0,3,3,0,1,0,3,0,0,0,0,0,0,0,3,0,0,0,0,0,0,0,7,0,7,0,0,0,0,0
"256","FAS_82","VII",220,222.8,0,0,0,1,0,2,0,0,0,0,1,20,0,6,0,0,0,0,87,18,0,0,1,2,2,0,27,0,455,0,0,0,0,0,0,0,3,0,0,0,3,0,0,0,3,0,4,0,0,0,0,0
"257","FAS_83","VII",37,401,0,0,0,0,0,0,0,0,0,0,0,3,0,0,0,0,0,0,47,8,0,0,0,1,1,0,1,0,44,0,0,0,3,0,0,0,1,0,0,0,0,0,0,0,5,0,4,1,0,0,0,0
"258","FAS_84","VII",43,439.3,0,0,0,0,0,0,0,0,0,0,0,0,0,0,0,0,0,0,0,10,0,0,0,4,0,0,2,0,0,0,0,0,0,0,0,0,1,0,0,0,0,0,0,0,1,0,2,0,0,0,0,0
"259","FAS_85","VII",56,216.1,0,0,0,0,0,0,0,0,0,0,0,7,1,0,0,0,0,1,40,2,2,0,3,2,4,0,2,0,104,0,0,0,4,0,0,0,2,0,0,0,0,0,0,0,4,0,4,0,0,0,0,2
"260","FAS_86","VII",99,276.3,0,0,0,0,0,0,0,0,0,0,0,0,0,0,0,0,0,0,64,26,0,0,0,1,3,0,0,0,4,0,0,0,27,0,0,0,2,3,0,0,0,0,4,0,3,0,3,0,0,0,0,0
"261","FAS_87","VII",31,69.6,0,0,0,0,0,0,0,0,0,0,0,0,0,1,0,0,0,0,20,5,0,0,0,0,3,0,3,0,5,0,0,0,5,0,0,0,3,3,0,0,0,0,1,0,0,0,0,0,0,0,0,0
"262","FAS_88","VII",14,61.5,0,0,0,0,0,0,0,0,0,0,0,0,1,0,0,0,0,0,19,8,0,0,0,0,0,0,1,0,10,0,0,0,8,0,0,0,0,0,0,0,0,0,0,0,3,0,3,0,0,0,0,0
"263","FAS_89","VII",183,464.8,0,0,0,0,0,0,0,0,0,0,0,0,0,0,0,0,0,0,62,13,0,0,3,0,6,0,1,0,8,0,0,0,2,0,0,0,5,0,0,0,0,0,2,0,9,0,9,0,0,0,0,0
"264","FAS_90","VII",86,937.9,0,0,0,0,0,0,0,0,0,0,0,0,0,0,0,0,0,3,42,20,0,0,0,3,2,0,4,0,9,0,0,0,0,0,0,0,4,0,0,0,0,0,0,0,5,0,6,0,0,0,0,0
"265","FAS_91","VII",60,862,0,0,0,0,0,0,0,0,0,0,0,1,0,0,0,0,0,8,62,33,2,0,0,0,1,0,0,0,4,0,0,0,3,0,0,0,2,0,0,0,0,0,3,0,21,0,18,5,0,0,0,0
"266","FAS_92","VII",7,80.5,0,0,0,0,0,0,0,0,0,0,0,0,1,0,0,0,0,0,11,10,1,0,0,0,0,0,1,0,0,0,0,0,2,0,0,0,1,0,0,0,0,0,0,0,0,0,0,0,0,0,0,0
"267","FAS_93","VII",109,345.2,0,0,0,0,0,0,0,0,0,0,0,0,0,0,0,0,0,0,36,0,0,0,0,0,2,0,0,0,7,0,0,0,2,0,0,0,1,0,0,0,0,0,0,0,2,0,2,0,0,0,0,0
"268","FAS_94","VII",89,176.3,0,0,0,0,0,0,0,0,0,0,0,1,0,0,0,0,0,0,0,16,0,0,0,0,1,0,0,0,0,0,0,0,3,0,0,0,6,0,0,0,0,0,0,0,0,0,0,0,0,0,0,0
"269","FAS_95","VII",34,39.4,0,0,0,0,0,0,0,0,0,0,0,0,0,0,0,0,0,0,0,2,2,0,0,3,1,0,0,0,1,0,0,0,2,0,1,0,1,0,0,0,0,0,0,0,3,0,3,0,0,1,0,0
"270","FAS_96","VII",27,69.7,0,0,0,0,0,0,0,0,0,0,0,0,1,1,0,0,0,0,5,41,2,0,0,0,1,0,1,0,0,0,0,0,1,0,0,0,4,0,0,0,0,0,0,0,5,0,5,0,0,0,0,0
"271","FAS_97","VII",35,22.2,0,0,0,0,0,0,0,0,0,0,0,0,1,0,0,0,0,0,0,2,0,0,0,0,0,0,0,0,0,0,0,0,0,0,0,0,0,0,0,0,0,0,0,0,1,0,1,0,0,0,0,0
"272","FAS_98","VII",210,318.8,0,0,0,0,0,0,0,0,0,0,0,2,0,0,0,2,0,0,13,26,0,0,0,1,2,1,3,0,11,0,0,0,1,0,0,0,5,0,0,0,0,0,0,0,8,0,6,2,0,0,0,0
"273","FAS_99","VII",74,428.2,0,0,0,0,0,0,0,0,0,0,0,2,2,0,0,1,0,3,0,5,0,0,1,0,6,0,0,0,8,0,0,0,1,0,0,0,5,0,0,0,0,0,0,0,11,0,7,4,0,0,0,0
